insert into
    meve_employee_0809
values
    ('Arif', '51 upashahar', 'Rajshahi')
insert into
    meve_employee_0809
values
    ('Sumon', '52 east Moynamati', 'Sylhet')
insert into
    meve_employee_0809
values
    ('Sagor', 'Neemgachhi', 'Sirajgong')
insert into
    meve_employee_0809
values
    ('Abdul', 'Binodpur', 'Rajshahi')
insert into
    meve_employee_0809
values
    ('Himesh', 'Nazrul avenue', 'Dhaka')
insert into
    meve_employee_0809
values
    ('Amirul', 'Chawk bazar', 'Sylhet')
insert into
    meve_employee_0809
values
    ('Sajib', '99 north', 'Chittagong')
    -- 
insert into
    meve_works_0809
values
    ('Sumon', 'Agrani', 12000)
insert into
    meve_works_0809
values
    ('Abdul', 'Sonali', 13000)
insert into
    meve_works_0809
values
    ('Himesh', 'Agrani', 6000)
insert into
    meve_works_0809
values
    ('Amirul', 'Sonali', 20000)
insert into
    meve_works_0809
values
    ('Sagor', 'Sonali', 8000)
insert into
    meve_works_0809
values
    ('Arif', 'Janata', 13000)
insert into
    meve_works_0809
values
    ('Sajib', 'Janata', 9000)
    -- 
insert into
    meve_company_0809
values
    ('Agrani', 'Rajshahi')
insert into
    meve_company_0809
values
    ('Sonali', 'Sylhet')
insert into
    meve_company_0809
values
    ('Janata', 'Dhaka')
    -- 
insert into
    meve_manages_0809
values
    ('Amirul', 'Amirul')
insert into
    meve_manages_0809
values
    ('Abdul', 'Amirul')
insert into
    meve_manages_0809
values
    ('Sagor', 'Amirul')
insert into
    meve_manages_0809
values
    ('Sumon', 'Sumon')
insert into
    meve_manages_0809
values
    ('Himesh', 'Sumon')
insert into
    meve_manages_0809
values
    ('Arif', 'Arif')
insert into
    meve_manages_0809
values
    ('Sajib', 'Arif')